timestamp_ms,symbol,side,price,quantity,fee,reason
1741185000000,NVDAUSDT,buy,117.30000305,21.300084697334,1.50000000,bearish
1742909400000,NVDAUSDT,sell,120.69000244,21.300084697334,1.54242436,neutral_observe
1758547800000,NVDAUSDT,buy,183.61000061,13.701763680352,1.51037473,cautiously_bullish
1763476200000,NVDAUSDT,sell,181.36000061,13.701763680352,1.49097112,cautiously_bearish
1772461800000,NVDAUSDT,buy,182.47999573,13.740291497324,1.50530018,bearish
1772548200000,NVDAUSDT,sell,180.05000305,13.740291497324,1.48436372,bearish
1772634600000,NVDAUSDT,buy,183.03999329,13.648597378896,1.49984341,cautiously_bullish
1772721000000,NVDAUSDT,sell,183.33999634,13.648597378896,1.50140028,cautiously_bullish
1781616600000,NVDAUSDT,buy,207.41000366,12.046248053479,1.50000742,cautiously_bullish
1736951400000,AMDUSDT,buy,119.95999908,20.827776084265,1.50000000,neutral_observe
1742995800000,AMDUSDT,sell,110.19000244,20.827776084265,1.37700762,cautiously_bullish
1744810200000,AMDUSDT,buy,88.29000092,27.714801809511,1.46904535,neutral_observe
1744896600000,AMDUSDT,sell,87.50000000,27.714801809511,1.45502709,bearish
1750080600000,AMDUSDT,buy,126.38999939,19.311171088914,1.46532253,neutral_observe
1756906200000,AMDUSDT,sell,162.13000488,19.311171088914,1.87855216,cautiously_bearish
1758115800000,AMDUSDT,buy,159.16000366,16.413327393422,1.56834816,cautiously_bullish
1758202200000,AMDUSDT,sell,157.91999817,16.413327393422,1.55519558,bearish
1758288600000,AMDUSDT,buy,157.38999939,16.560643875785,1.56482673,bearish
1758547800000,AMDUSDT,sell,159.78999329,16.560643875785,1.58773510,neutral_observe
1759757400000,AMDUSDT,buy,203.71000671,12.839931151934,1.57031567,neutral_observe
1763476200000,AMDUSDT,sell,230.28999329,12.839931151934,1.77414460,bearish
1770129000000,AMDUSDT,buy,242.11000061,11.152190936290,1.62100678,bearish
1770215400000,AMDUSDT,sell,200.19000244,11.152190936290,1.33953428,cautiously_bearish
1770301800000,AMDUSDT,buy,192.50000000,13.415648998834,1.55043772,cautiously_bearish
1770388200000,AMDUSDT,sell,208.44000244,13.415648998834,1.67781475,bearish
1771857000000,AMDUSDT,buy,196.60000610,13.403535423269,1.58203031,cautiously_bearish
1771943400000,AMDUSDT,sell,213.83999634,13.403535423269,1.71972718,cautiously_bullish
1772029800000,AMDUSDT,buy,210.86000061,12.766976845069,1.61619657,cautiously_bullish
1772116200000,AMDUSDT,sell,203.67999268,12.766976845069,1.56022665,cautiously_bullish
1776951000000,AMDUSDT,buy,305.32998657,8.739227179244,1.60197005,neutral_observe
1780666200000,AMDUSDT,sell,466.38000488,8.739227179244,2.44548049,bearish
1781271000000,AMDUSDT,buy,511.57000732,5.901418916188,1.81248084,cautiously_bullish
1738161000000,TSLAUSDT,buy,389.10000610,6.421228375245,1.50000000,cautiously_bearish
1742909400000,TSLAUSDT,sell,288.14001465,6.421228375245,1.11012770,neutral_observe
1745242200000,TSLAUSDT,buy,227.50000000,10.267574998654,1.40236541,cautiously_bearish
1745328600000,TSLAUSDT,sell,237.97000122,10.267574998654,1.46602490,bearish
1745415000000,TSLAUSDT,buy,250.74000549,9.420179662570,1.41806038,neutral_observe
1745501400000,TSLAUSDT,sell,259.51000977,9.420179662570,1.46677855,cautiously_bullish
1781530200000,TSLAUSDT,buy,411.14999390,5.793351624500,1.43001990,cautiously_bullish
1738247400000,AAPLUSDT,buy,237.58999634,10.516015145885,1.50000000,neutral_observe
1742909400000,AAPLUSDT,sell,223.75000000,10.516015145885,1.41177503,neutral_observe
1745415000000,AAPLUSDT,buy,204.60000610,12.030346275880,1.47773199,cautiously_bullish
1745501400000,AAPLUSDT,sell,208.36999512,12.030346275880,1.50405792,neutral_observe
1745587800000,AAPLUSDT,buy,209.27999878,11.811906062998,1.48408786,neutral_observe
1745847000000,AAPLUSDT,sell,210.13999939,11.811906062998,1.48929236,neutral_observe
1740580200000,MSFTUSDT,buy,399.73001099,6.250468894830,1.50000000,cautiously_bearish
1742909400000,MSFTUSDT,sell,395.16000366,6.250468894830,1.48196119,neutral_observe
1746019800000,MSFTUSDT,buy,395.26000977,6.301214410788,1.49526800,neutral_observe
1755783000000,MSFTUSDT,sell,504.23999023,6.301214410788,1.90639458,cautiously_bearish
1757338200000,MSFTUSDT,buy,498.20001221,5.341914188800,1.59776369,bearish
1757424600000,MSFTUSDT,sell,498.41000366,5.341914188800,1.59747808,bearish
1757511000000,MSFTUSDT,buy,500.36999512,5.317712252330,1.59745266,neutral_observe
1757597400000,MSFTUSDT,sell,501.01000977,5.317712252330,1.59853624,cautiously_bullish
1759411800000,MSFTUSDT,buy,515.73999023,5.159335186745,1.59748378,cautiously_bullish
1760103000000,MSFTUSDT,sell,510.95999146,5.159335186745,1.58172832,bearish
1781616600000,MSFTUSDT,buy,393.82998657,6.738743971867,1.59330765,cautiously_bullish
